year,lgID,tmID,franchID,confID,divID,rank,confRank,playoff,name,o_fgm,o_fga,o_ftm,o_fta,o_3pm,o_3pa,o_oreb,o_dreb,o_reb,o_asts,o_pf,o_stl,o_to,o_blk,o_pts,d_fgm,d_fga,d_ftm,d_fta,d_3pm,d_3pa,d_oreb,d_dreb,d_reb,d_asts,d_pf,d_stl,d_to,d_blk,d_pts,o_tmRebound,d_tmRebound,homeWon,homeLost,awayWon,awayLost,neutWon,neutLoss,confWon,confLoss,divWon,divLoss,pace,won,lost,games,min,arena,attendance,bbtmID
2011,NBA,ATL,ATL,EC,SE,2,0,C1,Atlanta Hawks,2429,5348,1025,1385,492,1330,652,2066,2718,1481,1178,536,921,303,6375,2380,5366,997,1324,391,1137,712,2079,2791,1354,1263,494,999,313,6148,0,0,0,0,0,0,0,0,0,0,0,0,0,40,26,0,,,0,
2011,NBA,BOS,BOS,EC,AT,1,0,CF,Boston Celtics,2341,5086,1017,1308,363,988,509,2051,2560,1557,1315,498,979,362,6062,2207,5262,1138,1498,344,1117,781,2070,2851,1233,1217,515,1035,304,5896,0,0,0,0,0,0,0,0,0,0,0,0,0,39,27,0,,,0,
2011,NBA,CHA,CHA,EC,SE,5,0,,Charlotte Bobcats,2193,5293,1090,1462,263,892,677,1894,2571,1326,1249,397,957,361,5739,2568,5411,1115,1486,406,1142,778,2193,2971,1537,1341,499,890,378,6657,0,0,0,0,0,0,0,0,0,0,0,0,0,7,59,0,,,0,
2011,NBA,CHI,CHI,EC,CD,1,0,C1,Chicago Bulls,2467,5462,1006,1394,419,1117,915,2165,3080,1527,1139,456,923,388,6359,2284,5420,946,1279,305,939,750,1889,2639,1245,1166,490,876,343,5819,0,0,0,0,0,0,0,0,0,0,0,0,0,50,16,0,,,0,
2011,NBA,CLE,CLE,EC,CD,5,0,,Cleveland Cavaliers,2261,5360,1178,1645,440,1273,841,1949,2790,1308,1317,466,1017,262,6140,2536,5431,1095,1464,448,1236,752,2073,2825,1527,1381,524,917,409,6615,0,0,0,0,0,0,0,0,0,0,0,0,0,21,45,0,,,0,
2011,NBA,DAL,DAL,WC,SW,3,0,C1,Dallas Mavericks,2398,5412,1029,1334,497,1464,665,2158,2823,1380,1226,565,926,337,6322,2347,5390,1092,1456,473,1368,726,2173,2899,1351,1213,561,971,265,6259,0,0,0,0,0,0,0,0,0,0,0,0,0,36,30,0,,,0,
2011,NBA,DEN,DEN,WC,NW,2,0,C1,Denver Nuggets,2572,5404,1293,1760,435,1311,738,2105,2843,1581,1297,540,1015,330,6872,2541,5569,1029,1356,571,1489,730,1928,2658,1528,1452,524,1028,439,6682,0,0,0,0,0,0,0,0,0,0,0,0,0,38,28,0,,,0,
2011,NBA,DET,DET,EC,CD,4,0,,Detroit Pistons,2291,5232,1098,1461,317,916,775,1882,2657,1232,1293,460,1033,278,5997,2378,5147,1162,1518,395,1114,703,1985,2688,1485,1283,563,959,348,6313,0,0,0,0,0,0,0,0,0,0,0,0,0,25,41,0,,,0,
2011,NBA,GSW,GSW,WC,PC,4,0,,Golden State Warriors,2489,5443,951,1235,524,1351,640,1947,2587,1470,1410,528,915,362,6453,2461,5431,1288,1725,468,1281,869,2157,3026,1527,1095,499,978,328,6678,0,0,0,0,0,0,0,0,0,0,0,0,0,23,43,0,,,0,
2011,NBA,HOU,HOU,WC,SW,4,0,,Houston Rockets,2489,5543,1018,1301,478,1330,770,2014,2784,1404,1347,496,955,319,6474,2474,5427,1142,1490,369,1136,729,2028,2757,1321,1215,495,972,340,6459,0,0,0,0,0,0,0,0,0,0,0,0,0,34,32,0,,,0,
2011,NBA,IND,IND,EC,CD,2,0,CS,Indiana Pacers,2354,5375,1349,1724,392,1064,826,2070,2896,1228,1430,523,925,357,6449,2305,5304,1179,1617,442,1259,794,1998,2792,1292,1428,433,985,398,6231,0,0,0,0,0,0,0,0,0,0,0,0,0,42,24,0,,,0,
2011,NBA,LAC,LAC,WC,PC,2,0,CS,Los Angeles Clippers,2439,5366,1046,1538,514,1441,800,1943,2743,1385,1399,556,879,315,6438,2279,5098,1251,1678,460,1261,712,1914,2626,1368,1401,396,966,296,6269,0,0,0,0,0,0,0,0,0,0,0,0,0,40,26,0,,,0,
2011,NBA,LAL,LAL,WC,PC,1,0,CS,Los Angeles Lakers,2429,5319,1202,1589,362,1112,799,2251,3050,1485,1109,390,997,351,6422,2492,5703,901,1215,443,1274,758,1946,2704,1446,1332,556,745,302,6328,0,0,0,0,0,0,0,0,0,0,0,0,0,41,25,0,,,0,
2011,NBA,MEM,MEM,WC,SW,2,0,C1,Memphis Grizzlies,2425,5422,1142,1504,277,849,831,1944,2775,1290,1316,631,955,345,6269,2278,5132,1163,1522,417,1209,729,1954,2683,1274,1275,518,1130,363,6136,0,0,0,0,0,0,0,0,0,0,0,0,0,41,25,0,,,0,
2011,NBA,MIA,MIA,EC,SE,1,0,NC,Miami Heat,2446,5212,1238,1598,370,1030,686,2060,2746,1317,1282,585,1002,355,6500,2285,5267,1056,1457,479,1318,727,1897,2624,1297,1356,549,1107,280,6105,0,0,0,0,0,0,0,0,0,0,0,0,0,46,20,0,,,0,
2011,NBA,MIL,MIL,EC,CD,3,0,,Milwaukee Bucks,2502,5652,1095,1415,436,1265,820,1983,2803,1550,1273,548,929,335,6535,2449,5453,1181,1535,438,1247,813,2138,2951,1433,1278,499,1049,297,6517,0,0,0,0,0,0,0,0,0,0,0,0,0,31,35,0,,,0,
2011,NBA,MIN,MIN,WC,NW,5,0,,Minnesota Timberwolves,2355,5434,1281,1662,473,1423,797,2089,2886,1290,1212,436,1001,293,6464,2572,5656,1059,1402,406,1195,771,2096,2867,1422,1435,549,875,377,6609,0,0,0,0,0,0,0,0,0,0,0,0,0,26,40,0,,,0,
2011,NBA,NJN,NJN,EC,AT,5,0,,New Jersey Nets,2262,5320,1113,1433,507,1481,783,1879,2662,1311,1268,493,995,260,6144,2501,5294,1106,1494,431,1151,780,2032,2812,1539,1274,525,943,330,6539,0,0,0,0,0,0,0,0,0,0,0,0,0,22,44,0,,,0,
2011,NBA,NOH,NOH,WC,SW,5,0,,New Orleans Hornets,2300,5103,1057,1397,259,777,724,1991,2715,1368,1324,488,1024,316,5916,2305,5188,1129,1487,425,1342,731,1910,2641,1379,1235,523,915,380,6164,0,0,0,0,0,0,0,0,0,0,0,0,0,21,45,0,,,0,
2011,NBA,NYK,NYK,EC,AT,2,0,C1,New York Knicks,2365,5335,1211,1634,517,1538,743,2012,2755,1328,1391,622,1056,276,6458,2316,5238,1171,1590,444,1238,717,2045,2762,1248,1437,536,1125,334,6247,0,0,0,0,0,0,0,0,0,0,0,0,0,36,30,0,,,0,
2011,NBA,OKC,SEA,WC,NW,1,0,F,Oklahoma City Thunder,2462,5229,1406,1744,472,1317,726,2157,2883,1224,1352,498,1079,539,6802,2405,5629,1167,1519,421,1231,835,1889,2724,1312,1322,542,937,321,6398,0,0,0,0,0,0,0,0,0,0,0,0,0,47,19,0,,,0,
2011,NBA,ORL,ORL,EC,SE,3,0,C1,Orlando Magic,2275,5162,995,1508,670,1785,742,2060,2802,1321,1168,451,984,275,6215,2372,5287,1005,1302,414,1192,667,2061,2728,1350,1308,495,867,273,6163,0,0,0,0,0,0,0,0,0,0,0,0,0,37,29,0,,,0,
2011,NBA,PHI,PHI,EC,AT,3,0,CS,Philadelphia 76ers,2471,5516,889,1198,349,963,704,2144,2848,1453,1157,526,738,340,6180,2263,5302,1017,1352,357,1070,706,2181,2887,1293,1070,391,918,316,5900,0,0,0,0,0,0,0,0,0,0,0,0,0,35,31,0,,,0,
2011,NBA,PHO,PHO,WC,PC,3,0,,Phoenix Suns,2495,5445,1058,1397,444,1295,717,2035,2752,1486,1233,431,928,366,6492,2505,5510,1100,1444,398,1131,802,2064,2866,1416,1293,526,929,288,6508,0,0,0,0,0,0,0,0,0,0,0,0,0,33,33,0,,,0,
2011,NBA,POR,POR,WC,NW,4,0,,Portland Trail Blazers,2402,5417,1133,1423,478,1382,735,1949,2684,1349,1251,528,935,322,6415,2476,5349,1062,1421,442,1217,730,2062,2792,1392,1306,499,982,314,6456,0,0,0,0,0,0,0,0,0,0,0,0,0,28,38,0,,,0,
2011,NBA,SAC,SAC,WC,PC,5,0,,Sacramento Kings,2490,5712,1127,1532,411,1301,882,1947,2829,1271,1287,561,952,323,6518,2668,5609,1118,1468,439,1236,815,2154,2969,1571,1313,518,1014,423,6893,0,0,0,0,0,0,0,0,0,0,0,0,0,22,44,0,,,0,
2011,NBA,SAS,SAS,WC,SW,1,0,CF,San Antonio Spurs,2611,5463,1067,1427,552,1405,683,2153,2836,1528,1143,490,895,293,6841,2512,5560,932,1233,412,1166,680,2039,2719,1291,1244,489,906,330,6368,0,0,0,0,0,0,0,0,0,0,0,0,0,50,16,0,,,0,
2011,NBA,TOR,TOR,EC,AT,4,0,,Toronto Raptors,2268,5154,1085,1410,365,1075,697,2074,2771,1382,1532,429,1001,321,5986,2234,5130,1335,1795,401,1224,677,1997,2674,1327,1214,478,870,322,6204,0,0,0,0,0,0,0,0,0,0,0,0,0,23,43,0,,,0,
2011,NBA,UTA,UTA,WC,NW,3,0,C1,Utah Jazz,2523,5531,1258,1668,273,845,861,2055,2916,1439,1441,545,936,385,6577,2403,5310,1302,1727,428,1259,728,1988,2716,1355,1366,494,968,375,6536,0,0,0,0,0,0,0,0,0,0,0,0,0,36,30,0,,,0,
2011,NBA,WAS,WAS,EC,SE,4,0,,Washington Wizards,2414,5475,1008,1386,344,1075,775,1975,2750,1262,1405,527,1008,417,6180,2422,5352,1227,1618,426,1216,811,2062,2873,1420,1231,520,1004,300,6497,0,0,0,0,0,0,0,0,0,0,0,0,0,20,46,0,,,0,
2010,NBA,ATL,ATL,EC,SE,3,0,CS,Atlanta Hawks,2971,6429,1346,1728,502,1427,762,2460,3222,1802,1554,497,1118,341,7790,3009,6537,1380,1782,459,1358,839,2488,3327,1751,1517,548,1026,348,7857,0,0,0,0,0,0,0,0,0,0,0,0,0,44,38,0,,,0,
2010,NBA,BOS,BOS,EC,AT,1,0,CS,Boston Celtics,3023,6219,1459,1895,408,1119,639,2542,3181,1921,1678,676,1195,344,7913,2768,6371,1494,1975,443,1304,862,2387,3249,1533,1659,574,1262,364,7473,0,0,0,0,0,0,0,0,0,0,0,0,0,56,26,0,,,0,
2010,NBA,CHA,CHA,EC,SE,4,0,,Charlotte Bobcats,2873,6365,1511,1999,393,1203,848,2444,3292,1728,1637,524,1192,433,7650,2956,6492,1489,1908,577,1609,804,2446,3250,1777,1730,601,1082,496,7978,0,0,0,0,0,0,0,0,0,0,0,0,0,34,48,0,,,0,
2010,NBA,CHI,CHI,EC,CD,1,0,CF,Chicago Bulls,3042,6587,1492,2008,511,1415,967,2654,3621,1827,1639,592,1161,468,8087,2805,6523,1450,1898,427,1308,828,2322,3150,1556,1645,568,1159,477,7487,0,0,0,0,0,0,0,0,0,0,0,0,0,62,20,0,,,0,
2010,NBA,CLE,CLE,EC,CD,5,0,,Cleveland Cavaliers,2886,6647,1546,2075,509,1489,856,2449,3305,1720,1648,544,1166,341,7827,3232,6804,1438,1894,664,1614,894,2676,3570,1984,1747,619,1111,489,8566,0,0,0,0,0,0,0,0,0,0,0,0,0,19,63,0,,,0,
2010,NBA,DAL,DAL,WC,SW,2,0,NC,Dallas Mavericks,3069,6463,1437,1850,645,1768,780,2618,3398,1954,1575,557,1145,352,8220,2996,6656,1373,1830,508,1480,880,2459,3339,1689,1650,623,1114,303,7873,0,0,0,0,0,0,0,0,0,0,0,0,0,57,25,0,,,0,
2010,NBA,DEN,DEN,WC,NW,2,0,C1,Denver Nuggets,3145,6613,1859,2429,662,1704,791,2652,3443,1813,1719,605,1157,352,8811,3153,6876,1539,2036,576,1675,864,2525,3389,1820,1864,611,1127,488,8421,0,0,0,0,0,0,0,0,0,0,0,0,0,50,32,0,,,0,
2010,NBA,DET,DET,EC,CD,4,0,,Detroit Pistons,3056,6647,1367,1854,472,1256,931,2236,3167,1730,1629,595,1067,328,7951,3110,6405,1503,1962,523,1461,866,2470,3336,1910,1545,568,1160,381,8246,0,0,0,0,0,0,0,0,0,0,0,0,0,30,52,0,,,0,
2010,NBA,GSW,GSW,WC,PC,3,0,,Golden State Warriors,3251,7047,1290,1695,685,1749,955,2370,3325,1847,1806,737,1198,406,8477,3173,6788,1755,2262,567,1586,1051,2623,3674,2029,1512,672,1324,352,8668,0,0,0,0,0,0,0,0,0,0,0,0,0,36,46,0,,,0,
2010,NBA,HOU,HOU,WC,SW,5,0,,Houston Rockets,3170,6975,1668,2083,677,1843,962,2549,3511,1955,1641,581,1110,371,8685,3266,6979,1526,1954,448,1250,955,2552,3507,1707,1754,588,1125,449,8506,0,0,0,0,0,0,0,0,0,0,0,0,0,43,39,0,,,0,
2010,NBA,IND,IND,EC,CD,2,0,C1,Indiana Pacers,3003,6787,1592,2035,585,1653,914,2657,3571,1611,1782,584,1262,456,8183,3071,6837,1618,2157,511,1423,931,2618,3549,1670,1758,615,1143,467,8271,0,0,0,0,0,0,0,0,0,0,0,0,0,37,45,0,,,0,
2010,NBA,LAC,LAC,WC,PC,4,0,,Los Angeles Clippers,3015,6594,1546,2187,513,1519,955,2501,3456,1813,1733,585,1343,402,8089,3046,6688,1670,2167,584,1598,914,2410,3324,1827,1811,659,1125,404,8346,0,0,0,0,0,0,0,0,0,0,0,0,0,32,50,0,,,0,
2010,NBA,LAL,LAL,WC,PC,1,0,CS,Los Angeles Lakers,3128,6757,1541,1979,524,1487,989,2616,3605,1801,1555,602,1073,422,8321,3008,6888,1246,1628,558,1668,1002,2399,3401,1827,1700,585,1116,372,7820,0,0,0,0,0,0,0,0,0,0,0,0,0,57,25,0,,,0,
2010,NBA,MEM,MEM,WC,SW,4,0,CS,Memphis Grizzlies,3200,6801,1486,1981,309,926,970,2391,3361,1691,1705,771,1145,441,8195,2967,6489,1482,1948,587,1592,905,2387,3292,1724,1754,613,1367,505,8003,0,0,0,0,0,0,0,0,0,0,0,0,0,46,36,0,,,0,
2010,NBA,MIA,MIA,EC,SE,1,0,F,Miami Heat,3031,6301,1760,2288,547,1479,790,2666,3456,1639,1674,544,1142,430,8369,2869,6614,1473,1980,546,1584,864,2349,3213,1651,1788,574,1081,246,7757,0,0,0,0,0,0,0,0,0,0,0,0,0,58,24,0,,,0,
2010,NBA,MIL,MIL,EC,CD,3,0,,Milwaukee Bucks,2814,6544,1423,1881,483,1414,862,2480,3342,1545,1682,617,1103,399,7534,2834,6342,1498,1946,437,1309,836,2629,3465,1657,1694,507,1245,392,7603,0,0,0,0,0,0,0,0,0,0,0,0,0,35,47,0,,,0,
2010,NBA,MIN,MIN,WC,NW,5,0,,Minnesota Timberwolves,3090,7014,1519,1977,589,1565,1085,2556,3641,1650,1825,592,1398,422,8288,3230,6902,1733,2227,639,1707,913,2577,3490,2031,1717,777,1183,447,8832,0,0,0,0,0,0,0,0,0,0,0,0,0,17,65,0,,,0,
2010,NBA,NJN,NJN,EC,AT,4,0,,New Jersey Nets,2918,6638,1427,1881,459,1337,909,2440,3349,1723,1807,458,1152,384,7722,3069,6602,1589,2115,507,1393,849,2575,3424,1824,1638,561,1010,375,8234,0,0,0,0,0,0,0,0,0,0,0,0,0,24,58,0,,,0,
2010,NBA,NOH,NOH,WC,SW,3,0,C1,New Orleans Hornets,2944,6416,1452,1897,444,1232,824,2468,3292,1691,1719,624,1069,359,7784,2882,6306,1390,1805,557,1562,769,2457,3226,1739,1674,497,1192,396,7711,0,0,0,0,0,0,0,0,0,0,0,0,0,46,36,0,,,0,
2010,NBA,NYK,NYK,EC,AT,2,0,C1,New York Knicks,3140,6867,1689,2087,765,2081,847,2470,3317,1757,1743,625,1123,475,8734,3242,6870,1650,2165,536,1442,964,2646,3610,1682,1703,586,1250,360,8670,0,0,0,0,0,0,0,0,0,0,0,0,0,42,40,0,,,0,
2010,NBA,OKC,SEA,WC,NW,1,0,CF,Oklahoma City Thunder,3066,6609,1977,2401,487,1403,903,2604,3507,1672,1836,654,1156,487,8596,3123,6823,1557,2093,482,1335,932,2395,3327,1712,1767,587,1152,356,8285,0,0,0,0,0,0,0,0,0,0,0,0,0,55,27,0,,,0,
2010,NBA,ORL,ORL,EC,SE,2,0,C1,Orlando Magic,2956,6411,1453,2101,770,2103,864,2679,3543,1636,1640,548,1240,384,8135,2865,6569,1441,1940,516,1476,805,2450,3255,1646,1791,606,1151,310,7687,0,0,0,0,0,0,0,0,0,0,0,0,0,52,30,0,,,0,
2010,NBA,PHI,PHI,EC,AT,3,0,C1,Philadelphia 76ers,3125,6776,1426,1851,443,1248,850,2578,3428,1861,1592,621,1063,355,8119,2996,6638,1536,1987,468,1375,881,2608,3489,1762,1544,583,1168,376,7996,0,0,0,0,0,0,0,0,0,0,0,0,0,41,41,0,,,0,
2010,NBA,PHO,PHO,WC,PC,2,0,,Phoenix Suns,3219,6844,1472,1939,701,1857,821,2478,3299,1945,1666,545,1169,357,8611,3309,7018,1481,1964,585,1595,985,2647,3632,1890,1740,644,1189,356,8684,0,0,0,0,0,0,0,0,0,0,0,0,0,40,42,0,,,0,
2010,NBA,POR,POR,WC,NW,3,0,C1,Portland Trail Blazers,2951,6599,1476,1835,518,1503,996,2230,3226,1736,1585,660,1070,358,7896,2904,6218,1434,1869,529,1440,868,2385,3253,1573,1743,566,1286,339,7771,0,0,0,0,0,0,0,0,0,0,0,0,0,48,34,0,,,0,
2010,NBA,SAC,SAC,WC,PC,5,0,,Sacramento Kings,3134,6979,1455,1981,428,1277,1071,2526,3597,1675,1805,608,1324,391,8151,3260,6826,1589,2085,480,1353,868,2508,3376,1779,1723,666,1204,464,8589,0,0,0,0,0,0,0,0,0,0,0,0,0,24,58,0,,,0,
2010,NBA,SAS,SAS,WC,SW,1,0,C1,San Antonio Spurs,3148,6628,1521,1984,685,1727,829,2603,3432,1836,1556,602,1101,372,8502,3127,6860,1301,1698,479,1305,884,2494,3378,1685,1701,567,1095,374,8034,0,0,0,0,0,0,0,0,0,0,0,0,0,61,21,0,,,0,
2010,NBA,TOR,TOR,EC,AT,5,0,,Toronto Raptors,3144,6755,1491,1976,345,1091,963,2343,3306,1795,1807,581,1221,350,8124,3213,6668,1672,2175,541,1438,912,2457,3369,1854,1620,625,1157,456,8639,0,0,0,0,0,0,0,0,0,0,0,0,0,22,60,0,,,0,
2010,NBA,UTA,UTA,WC,NW,4,0,,Utah Jazz,3064,6590,1590,2061,435,1256,898,2338,3236,1921,1865,629,1175,484,8153,2967,6460,1777,2285,592,1573,925,2426,3351,1700,1802,609,1199,411,8303,0,0,0,0,0,0,0,0,0,0,0,0,0,39,43,0,,,0,
2010,NBA,WAS,WAS,EC,SE,5,0,,Washington Wizards,3048,6888,1489,1999,392,1182,1013,2374,3387,1592,1850,665,1258,502,7977,3174,6741,1676,2202,560,1500,994,2607,3601,1898,1662,624,1293,413,8584,0,0,0,0,0,0,0,0,0,0,0,0,0,23,59,0,,,0,
2009,NBA,ATL,ATL,EC,SE,2,0,CS,Atlanta Hawks,3181,6801,1452,1914,524,1455,969,2451,3420,1789,1632,592,980,413,8338,3048,6623,1380,480,1392,1852,922,2471,3393,1719,1582,506,1135,359,7956,0,0,0,0,0,0,0,0,0,0,0,0,93,53,29,0,,,0,
2009,NBA,BOS,BOS,EC,AT,1,0,F,Boston Celtics,3039,6294,1559,2090,499,1433,716,2449,3165,1930,1816,701,1219,402,8136,2880,6390,1606,470,1375,2152,868,2418,3286,1585,1777,578,1283,386,7836,0,0,0,0,0,0,0,0,0,0,0,0,94,50,32,0,,,0,
2009,NBA,CHA,CHA,EC,SE,4,0,C1,Charlotte Bobcats,2858,6306,1637,2180,460,1331,858,2490,3348,1658,1597,632,1290,446,7813,2925,6536,1270,573,1696,1710,868,2382,3250,1666,1804,614,1256,502,7693,0,0,0,0,0,0,0,0,0,0,0,0,93,44,38,0,,,0,
2009,NBA,CHI,CHI,EC,CD,3,0,C1,Chicago Bulls,3081,6825,1479,1962,352,1066,937,2716,3653,1704,1648,531,1175,478,7993,3043,6885,1457,584,1680,1958,916,2589,3505,1715,1643,578,1090,438,8127,0,0,0,0,0,0,0,0,0,0,0,0,96,41,41,0,,,0,
2009,NBA,CLE,CLE,EC,CD,1,0,CS,Cleveland Cavaliers,3101,6391,1569,2180,602,1582,791,2692,3483,1835,1591,564,1137,425,8373,2935,6633,1444,524,1511,1907,794,2366,3160,1661,1708,542,1045,325,7838,0,0,0,0,0,0,0,0,0,0,0,0,93,61,21,0,,,0,
2009,NBA,DAL,DAL,WC,SW,1,0,C1,Dallas Mavericks,3140,6760,1526,1870,558,1498,834,2586,3420,1917,1563,624,1059,449,8364,3107,6805,1402,525,1515,1849,922,2592,3514,1659,1652,563,1195,337,8141,0,0,0,0,0,0,0,0,0,0,0,0,95,55,27,0,,,0,
2009,NBA,DEN,DEN,WC,NW,1,0,C1,Denver Nuggets,3124,6678,1937,2508,544,1517,889,2505,3394,1719,1844,683,1136,417,8729,3088,6766,1695,523,1498,2207,955,2513,3468,1723,1943,578,1235,438,8394,0,0,0,0,0,0,0,0,0,0,0,0,97,53,29,0,,,0,
2009,NBA,DET,DET,EC,CD,5,0,,Detroit Pistons,2940,6602,1455,1998,374,1190,1053,2242,3295,1591,1822,596,1100,313,7709,2965,6172,1630,568,1514,2124,814,2420,3234,1898,1702,549,1175,401,8128,0,0,0,0,0,0,0,0,0,0,0,0,91,27,55,0,,,0,
2009,NBA,GSW,GSW,WC,PC,4,0,,Golden State Warriors,3329,7094,1631,2085,633,1687,753,2397,3150,1839,1886,761,1205,340,8922,3409,7033,1832,567,1514,2390,1100,2842,3942,1979,1757,645,1442,407,9217,0,0,0,0,0,0,0,0,0,0,0,0,102,26,56,0,,,0,
2009,NBA,HOU,HOU,WC,SW,3,0,,Houston Rockets,3094,6923,1561,2022,646,1838,971,2471,3442,1790,1712,583,1188,318,8395,3236,6810,1464,489,1344,1917,875,2632,3507,1716,1840,597,1207,532,8425,0,0,0,0,0,0,0,0,0,0,0,0,97,42,40,0,,,0,
2009,NBA,IND,IND,EC,CD,4,0,,Indiana Pacers,3020,6823,1564,2019,659,1896,785,2618,3403,1730,1848,585,1232,439,8263,3113,6875,1774,510,1405,2346,969,2852,3821,1694,1709,654,1227,414,8510,0,0,0,0,0,0,0,0,0,0,0,0,99,32,50,0,,,0,
2009,NBA,LAC,LAC,WC,PC,3,0,,Los Angeles Clippers,3002,6601,1362,1867,483,1457,927,2502,3429,1810,1581,532,1285,466,7849,3193,6792,1455,529,1457,1910,879,2490,3369,1926,1588,686,1059,363,8370,0,0,0,0,0,0,0,0,0,0,0,0,94,29,53,0,,,0,
2009,NBA,LAL,LAL,WC,PC,1,0,NC,Los Angeles Lakers,3144,6875,1519,1985,532,1562,973,2662,3635,1730,1592,612,1096,400,8339,3050,6840,1332,520,1585,1776,914,2546,3460,1792,1737,573,1159,363,7952,0,0,0,0,0,0,0,0,0,0,0,0,95,57,25,0,,,0,
2009,NBA,MEM,MEM,WC,SW,4,0,,Memphis Grizzlies,3223,6875,1614,2202,344,1020,1070,2496,3566,1543,1655,645,1248,399,8404,3277,6849,1402,572,1618,1858,907,2349,3256,1875,1840,635,1165,501,8528,0,0,0,0,0,0,0,0,0,0,0,0,96,40,42,0,,,0,
2009,NBA,MIA,MIA,EC,SE,3,0,C1,Miami Heat,2984,6518,1452,1931,494,1426,875,2553,3428,1548,1710,605,1079,457,7914,2813,6408,1577,524,1531,2091,856,2483,3339,1545,1639,517,1184,355,7727,0,0,0,0,0,0,0,0,0,0,0,0,92,47,35,0,,,0,
2009,NBA,MIL,MIL,EC,CD,2,0,C1,Milwaukee Bucks,3050,6998,1264,1675,645,1813,965,2560,3525,1740,1823,580,1085,385,8009,2870,6361,1692,438,1276,2211,790,2723,3513,1581,1664,573,1254,421,7870,0,0,0,0,0,0,0,0,0,0,0,0,95,46,36,0,,,0,
2009,NBA,MIN,MIN,WC,NW,5,0,,Minnesota Timberwolves,3106,6923,1436,1926,403,1181,962,2556,3518,1626,1699,597,1333,306,8051,3343,6961,1534,618,1690,1981,917,2640,3557,2103,1686,721,1173,442,8838,0,0,0,0,0,0,0,0,0,0,0,0,98,15,67,0,,,0,
2009,NBA,NJN,NJN,EC,AT,5,0,,New Jersey Nets,2813,6554,1572,2015,377,1185,897,2358,3255,1540,1643,573,1182,393,7575,3172,6593,1511,468,1278,2021,925,2683,3608,1960,1647,638,1149,421,8323,0,0,0,0,0,0,0,0,0,0,0,0,93,12,70,0,,,0,
2009,NBA,NOH,NOH,WC,SW,5,0,,New Orleans Hornets,3178,6842,1293,1661,571,1572,852,2450,3302,1828,1606,625,1103,300,8220,3250,6730,1383,539,1517,1841,870,2586,3456,1925,1597,574,1177,367,8422,0,0,0,0,0,0,0,0,0,0,0,0,95,37,45,0,,,0,
2009,NBA,NYK,NYK,EC,AT,3,0,,New York Knicks,3127,6876,1376,1759,743,2145,836,2477,3313,1772,1638,586,1148,305,8373,3352,6902,1429,553,1571,1896,959,2724,3683,1723,1576,585,1182,368,8686,0,0,0,0,0,0,0,0,0,0,0,0,96,29,53,0,,,0,
2009,NBA,OKC,SEA,WC,NW,4,0,C1,Oklahoma City Thunder,3063,6629,1778,2210,418,1229,960,2607,3567,1639,1743,654,1227,481,8322,3007,6718,1541,481,1414,2018,937,2397,3334,1618,1755,616,1238,384,8036,0,0,0,0,0,0,0,0,0,0,0,0,95,50,32,0,,,0,
2009,NBA,ORL,ORL,EC,SE,1,0,CF,Orlando Magic,3005,6394,1575,2176,841,2241,810,2736,3546,1615,1629,512,1155,456,8426,2955,6739,1380,522,1437,1830,800,2481,3281,1550,1819,551,1050,288,7812,0,0,0,0,0,0,0,0,0,0,0,0,94,59,23,0,,,0,
2009,NBA,PHI,PHI,EC,AT,4,0,,Philadelphia 76ers,3087,6706,1366,1808,474,1381,941,2421,3362,1723,1677,667,1192,439,8014,3105,6573,1518,606,1542,1983,888,2470,3358,1810,1534,621,1189,332,8334,0,0,0,0,0,0,0,0,0,0,0,0,94,27,55,0,,,0,
2009,NBA,PHO,PHO,WC,PC,2,0,CF,Phoenix Suns,3339,6788,1631,2117,730,1770,910,2616,3526,1912,1713,479,1210,418,9039,3235,7165,1606,561,1582,2114,1081,2391,3472,1704,1789,646,1065,365,8637,0,0,0,0,0,0,0,0,0,0,0,0,97,54,28,0,,,0,
2009,NBA,POR,POR,WC,NW,3,0,C1,Portland Trail Blazers,2974,6453,1606,2033,491,1388,913,2383,3296,1674,1715,523,1012,350,8045,2950,6352,1394,480,1399,1870,801,2322,3123,1583,1767,485,1104,333,7774,0,0,0,0,0,0,0,0,0,0,0,0,90,50,32,0,,,0,
2009,NBA,SAC,SAC,WC,PC,5,0,,Sacramento Kings,3144,6895,1430,1969,482,1383,977,2518,3495,1679,1827,564,1226,366,8200,3199,6828,1663,497,1391,2149,909,2538,3447,1683,1650,586,1120,468,8558,0,0,0,0,0,0,0,0,0,0,0,0,97,25,57,0,,,0,
2009,NBA,SAS,SAS,WC,SW,2,0,CS,San Antonio Spurs,3150,6659,1458,1969,554,1547,887,2621,3508,1829,1669,516,1116,381,8312,3025,6691,1433,412,1200,1896,814,2427,3241,1576,1672,567,1032,417,7895,0,0,0,0,0,0,0,0,0,0,0,0,94,50,32,0,,,0,
2009,NBA,TOR,TOR,EC,AT,2,0,,Toronto Raptors,3199,6631,1618,2118,518,1397,806,2507,3313,1804,1819,469,1100,384,8534,3194,6824,1683,609,1665,2146,933,2453,3386,1889,1730,580,1040,360,8680,0,0,0,0,0,0,0,0,0,0,0,0,95,40,42,0,,,0,
2009,NBA,UTA,UTA,WC,NW,2,0,CS,Utah Jazz,3227,6575,1654,2233,439,1207,872,2588,3460,2187,1859,675,1246,400,8547,2908,6471,1741,552,1559,2286,837,2376,3213,1628,1818,632,1238,445,8109,0,0,0,0,0,0,0,0,0,0,0,0,96,53,29,0,,,0,
2009,NBA,WAS,WAS,EC,SE,5,0,,Washington Wizards,3008,6700,1444,1895,432,1225,966,2458,3424,1557,1752,493,1219,421,7892,3083,6664,1590,528,1466,2088,935,2530,3465,1772,1684,569,1115,415,8284,0,0,0,0,0,0,0,0,0,0,0,0,94,26,56,0,,,0,
2008,NBA,ATL,ATL,EC,SE,2,4,CS,Atlanta Hawks,2956,6451,1537,2085,597,1633,870,2412,3282,1657,1610,603,1048,376,8046,3002,6610,1385,528,1496,1800,956,2481,3437,1705,1681,530,1121,354,7917,0,0,31,10,16,25,0,0,30,22,11,5,91,47,35,82,19705,Philips Arena,32767,
2008,NBA,BOS,BOS,EC,AT,1,2,CS,Boston Celtics,3075,6333,1587,2075,538,1355,869,2586,3455,1862,1897,621,1280,387,8275,2763,6418,1626,507,1452,2110,834,2249,3083,1553,1820,585,1195,389,7659,0,0,35,6,27,14,0,0,41,11,15,1,93,62,20,82,19880,TD Banknorth Garden,32767,
2008,NBA,CHA,CHA,EC,SE,4,10,,Charlotte Bobcats,2866,6299,1455,1965,490,1339,886,2366,3252,1741,1754,580,1279,397,7677,2883,6349,1457,558,1526,1928,877,2310,3187,1604,1714,626,1206,488,7781,0,0,23,18,12,29,0,0,20,32,5,11,91,35,47,82,19930,Time Warner Cable Arena,32767,
2008,NBA,CHI,CHI,EC,CD,2,7,C1,Chicago Bulls,3126,6846,1633,2052,493,1293,970,2481,3451,1732,1709,615,1192,453,8378,3141,6864,1633,486,1400,2077,1017,2491,3508,1723,1708,622,1177,449,8401,0,0,28,13,13,28,0,0,24,28,9,7,96,41,41,82,19930,United Center,32767,
2008,NBA,CLE,CLE,EC,CD,1,1,CF,Cleveland Cavaliers,3022,6454,1523,2012,656,1670,886,2574,3460,1663,1663,593,1045,435,8223,2775,6444,1459,482,1447,1895,878,2310,3188,1568,1664,519,1137,338,7491,0,0,39,2,27,14,0,0,40,12,13,3,91,66,16,82,19780,Quicken Loans Arena,32767,
2008,NBA,DAL,DAL,WC,SW,3,6,CS,Dallas Mavericks,3128,6770,1516,1852,571,1632,909,2595,3504,1779,1600,590,1043,429,8343,3071,6752,1522,517,1379,1906,884,2509,3393,1611,1645,589,1064,334,8181,0,0,32,9,18,23,0,0,29,23,7,9,94,50,32,82,19805,American Airlines Center,32767,
2008,NBA,DEN,DEN,WC,NW,1,2,CF,Denver Nuggets,3058,6510,1891,2487,548,1477,905,2507,3412,1820,1874,710,1257,491,8555,2966,6738,1742,601,1643,2228,991,2391,3382,1756,1944,648,1265,447,8275,0,0,33,8,21,20,0,0,35,17,12,4,96,54,28,82,19730,Pepsi Center,32767,
2008,NBA,DET,DET,EC,CD,3,8,C1,Detroit Pistons,2981,6559,1388,1849,377,1079,949,2448,3397,1689,1712,493,973,377,7727,2876,6380,1580,435,1228,2039,861,2453,3314,1651,1612,461,964,342,7767,0,0,21,20,18,23,0,0,26,26,7,9,89,39,43,82,19905,The Palace of Auburn Hills,32767,
2008,NBA,GSW,GSW,WC,PC,3,10,,Golden State Warriors,3231,7055,1893,2392,550,1475,953,2492,3445,1711,1842,638,1201,527,8905,3401,7273,1828,582,1531,2346,1164,2695,3859,1980,1927,646,1229,414,9212,0,0,21,20,8,33,0,0,18,34,6,10,101,29,53,82,19880,Oracle Arena,32767,
2008,NBA,HOU,HOU,WC,SW,2,5,CS,Houston Rockets,2959,6526,1531,1903,621,1656,861,2662,3523,1662,1553,548,1167,355,8070,2991,6735,1296,464,1298,1730,873,2398,3271,1620,1689,588,1022,435,7742,0,0,33,8,20,21,0,0,35,17,9,7,93,53,29,82,19805,Toyota Center,32767,
2008,NBA,IND,IND,EC,CD,4,9,,Indiana Pacers,3220,7080,1525,1890,652,1725,924,2661,3585,1775,1895,573,1189,434,8617,3141,6862,1857,569,1519,2431,909,2708,3617,1731,1692,635,1151,444,8708,0,0,25,16,11,30,0,0,23,29,7,9,99,36,46,82,19830,Conseco Fieldhouse,32767,
2008,NBA,LAC,LAC,WC,PC,4,14,,Los Angeles Clippers,2955,6696,1354,1839,535,1513,890,2377,3267,1723,1650,572,1221,482,7799,3218,6805,1546,536,1431,2035,962,2653,3615,1951,1609,652,1093,414,8518,0,0,11,30,8,33,0,0,10,42,2,14,95,19,63,82,19880,Staples Center,32767,
2008,NBA,LAL,LAL,WC,PC,1,1,NC,Los Angeles Lakers,3307,6981,1607,2087,547,1516,1015,2587,3602,1908,1698,718,1113,420,8768,3050,6825,1454,586,1700,1931,959,2440,3399,1854,1816,635,1284,392,8140,0,0,36,5,29,12,0,0,44,8,14,2,97,65,17,82,19780,Staples Center,32767,
2008,NBA,MEM,MEM,WC,SW,5,12,,Memphis Grizzlies,2865,6311,1570,2077,398,1106,847,2337,3184,1423,1777,615,1252,385,7698,3018,6378,1574,536,1510,2043,842,2431,3273,1735,1786,632,1194,443,8146,0,0,16,25,8,33,0,0,14,38,5,11,92,24,58,82,19805,FedExForum,32767,
2008,NBA,MIA,MIA,EC,SE,3,5,C1,Miami Heat,3034,6646,1411,1871,582,1631,828,2411,3239,1671,1696,651,1026,451,8061,2920,6412,1609,591,1519,2086,896,2536,3432,1646,1632,528,1246,335,8040,0,0,28,13,15,26,0,0,28,24,9,7,93,43,39,82,19955,AmericanAirlines Arena,32767,
2008,NBA,MIL,MIL,EC,CD,5,12,,Milwaukee Bucks,3009,6755,1613,2067,511,1408,973,2367,3340,1802,1986,609,1154,308,8142,2854,6233,1961,562,1486,2480,831,2527,3358,1730,1842,616,1350,376,8231,0,0,22,19,12,29,0,0,21,31,4,12,95,34,48,82,19780,Bradley Center,32767,
2008,NBA,MIN,MIN,WC,NW,4,11,,Minnesota Timberwolves,2986,6766,1504,1957,543,1539,975,2442,3417,1674,1785,512,1165,322,8019,3109,6561,1668,536,1420,2145,813,2539,3352,1765,1642,610,1028,484,8422,0,0,11,30,13,28,0,0,13,39,3,13,94,24,58,82,19805,Target Center,32767,
2008,NBA,NJN,NJN,EC,AT,3,11,,New Jersey Nets,2925,6536,1542,1980,652,1735,850,2415,3265,1636,1838,559,1075,391,8044,2953,6385,1738,600,1536,2281,872,2523,3395,1793,1680,567,1103,393,8244,0,0,19,22,15,26,0,0,23,29,8,8,92,34,48,82,19830,Izod Center,32767,
2008,NBA,NOH,NOH,WC,SW,4,7,C1,New Orleans Hornets,2911,6366,1479,1833,556,1527,802,2453,3255,1609,1665,593,1029,338,7857,2851,6329,1453,575,1625,1879,822,2459,3281,1649,1675,476,1089,289,7730,0,0,28,13,21,20,0,0,30,22,9,7,90,49,33,82,19755,New Orleans Arena,32767,
2008,NBA,NYK,NYK,EC,AT,5,14,,New York Knicks,3157,7091,1490,1900,823,2283,911,2545,3456,1738,1672,610,1174,204,8627,3378,7041,1514,571,1625,1998,954,2826,3780,1774,1592,654,1188,437,8841,0,0,20,21,12,29,0,0,20,32,5,11,99,32,50,82,19805,Madison Square Garden (IV),32767,
2008,NBA,OKC,SEA,WC,NW,5,13,,Oklahoma City Thunder,2999,6716,1626,2069,328,949,999,2497,3496,1663,1655,608,1330,371,7952,3230,6800,1468,524,1439,1930,884,2496,3380,1769,1656,697,1140,407,8452,0,0,15,26,8,33,0,0,15,37,4,12,96,23,59,82,19805,Ford Center,32767,
2008,NBA,ORL,ORL,EC,SE,1,3,F,Orlando Magic,2929,6417,1611,2253,817,2147,820,2728,3548,1593,1664,570,1142,438,8286,2936,6785,1421,444,1297,1882,864,2591,3455,1488,1840,564,1072,308,7737,0,0,32,9,27,14,0,0,37,15,14,2,94,59,23,82,19730,Amway Arena,32767,
2008,NBA,PHI,PHI,EC,AT,2,6,C1,Philadelphia 76ers,2997,6532,1652,2216,341,1072,1039,2336,3375,1647,1650,658,1157,415,7987,2997,6489,1402,585,1595,1792,935,2285,3220,1799,1786,575,1278,400,7981,0,0,24,17,17,24,0,0,25,27,6,10,92,41,41,82,19755,Wachovia Center,32767,
2008,NBA,PHO,PHO,WC,PC,2,9,,Phoenix Suns,3373,6695,1675,2251,553,1445,900,2520,3420,1905,1691,589,1288,420,8974,3278,7025,1634,626,1635,2108,993,2351,3344,1741,1877,706,1165,369,8816,0,0,28,13,18,23,0,0,30,22,11,5,98,46,36,82,19755,US Airways Center,32767,
2008,NBA,POR,POR,WC,NW,2,4,C1,Portland Trail Blazers,3018,6494,1521,1988,596,1555,1060,2360,3420,1667,1671,550,1055,401,8153,2899,6302,1430,487,1301,1780,786,2190,2976,1590,1733,514,1082,319,7715,0,0,34,7,20,21,0,0,32,20,11,5,89,54,28,82,19830,Rose Garden Arena,32767,
2008,NBA,SAC,SAC,WC,PC,5,15,,Sacramento Kings,2990,6685,1682,2107,586,1594,840,2366,3206,1619,1910,569,1266,349,8248,3281,6792,1824,580,1430,2412,1018,2592,3610,1796,1737,704,1179,423,8966,0,0,11,30,6,35,0,0,16,36,7,9,97,17,65,82,19905,ARCO Arena (II),32767,
2008,NBA,SAS,SAS,WC,SW,1,3,C1,San Antonio Spurs,3042,6534,1249,1641,625,1620,728,2638,3366,1736,1546,474,963,329,7958,2973,6568,1257,447,1180,1635,745,2570,3315,1481,1511,531,961,351,7650,0,0,28,13,26,15,0,0,36,16,10,6,91,54,28,82,19905,AT&T Center,32767,
2008,NBA,TOR,TOR,EC,AT,4,13,,Toronto Raptors,3054,6673,1534,1861,479,1289,802,2513,3315,1835,1593,523,1099,390,8121,3172,6827,1379,629,1716,1759,895,2539,3434,1887,1645,521,1093,386,8352,0,0,18,23,15,26,0,0,22,30,6,10,94,33,49,82,19805,Air Canada Centre,32767,
2008,NBA,UTA,UTA,WC,NW,3,8,C1,Utah Jazz,3143,6624,1814,2352,392,1122,940,2422,3362,2024,1830,719,1210,374,8492,3019,6509,1703,534,1479,2233,908,2393,3301,1640,1972,658,1323,423,8275,0,0,33,8,15,26,0,0,33,19,10,6,96,48,34,82,19880,EnergySolutions Arena,32767,
2008,NBA,WAS,WAS,EC,SE,5,15,,Washington Wizards,2994,6655,1494,1947,395,1198,956,2329,3285,1641,1679,619,1146,365,7877,3164,6565,1487,674,1740,1959,934,2491,3425,2015,1638,593,1140,431,8489,0,0,13,28,6,35,0,0,10,42,1,15,93,19,63,82,19705,Verizon Center,32767,
2007,NBA,ATL,ATL,EC,SE,3,8,C1,Atlanta Hawks,2975,6552,1720,2227,384,1078,1008,2454,3462,1804,1673,600,1170,448,8054,3115,6733,1461,512,1413,1943,968,2386,3354,1825,1793,615,1079,421,8203,0,0,25,16,12,29,0,0,24,28,9,7,93,37,45,82,19855,Philips Arena,32767,
2007,NBA,BOS,BOS,EC,AT,1,1,NC,Boston Celtics,2986,6286,1677,2176,596,1564,830,2615,3445,1833,1864,696,1181,379,8245,2657,6341,1605,485,1535,2160,899,2290,3189,1539,1818,594,1256,389,7404,0,0,35,6,31,10,0,0,41,11,14,2,92,66,16,82,19755,TD Banknorth Garden,32767,
2007,NBA,CHA,CHA,EC,SE,4,12,,Charlotte Bobcats,2960,6554,1510,2115,529,1443,892,2440,3332,1748,1777,614,1135,403,7959,3115,6684,1571,517,1456,2102,999,2588,3587,1785,1721,625,1132,476,8318,0,0,21,20,11,30,0,0,19,33,7,9,94,32,50,82,19880,Charlotte Bobcats Arena,32767,
2007,NBA,CHI,CHI,EC,CD,4,11,,Chicago Bulls,2987,6861,1533,2029,474,1305,1050,2478,3528,1811,1784,635,1155,429,7981,2982,6583,1699,571,1522,2217,914,2582,3496,1794,1746,648,1201,465,8234,0,0,20,21,13,28,0,0,24,28,11,5,95,33,49,82,19805,United Center,32767,
2007,NBA,CLE,CLE,EC,CD,2,4,CS,Cleveland Cavaliers,2937,6697,1477,2061,552,1544,1092,2563,3655,1640,1712,579,1081,427,7903,2939,6462,1548,506,1419,2070,814,2500,3314,1721,1666,559,1052,388,7932,0,0,27,14,18,23,0,0,28,24,7,9,92,45,37,82,19855,Quicken Loans Arena,32767,
2007,NBA,DAL,DAL,WC,SW,4,7,C1,Dallas Mavericks,3025,6515,1690,2075,494,1403,883,2643,3526,1720,1786,490,988,402,8234,2903,6551,1648,408,1168,2168,882,2419,3301,1547,1739,536,949,357,7862,0,0,34,7,17,24,0,0,33,19,10,6,91,51,31,82,19730,American Airlines Center,32767,
2007,NBA,DEN,DEN,WC,NW,2,8,C1,Denver Nuggets,3307,7038,1891,2519,569,1605,918,2698,3616,2024,1731,752,1181,551,9074,3334,7303,1481,621,1710,2028,1042,2680,3722,2107,1950,644,1282,393,8770,0,0,33,8,17,24,0,0,31,21,10,6,102,50,32,82,19855,Pepsi Center,32767,
2007,NBA,DET,DET,EC,CD,1,2,CF,Detroit Pistons,2999,6551,1507,1965,487,1330,974,2423,3397,1831,1688,583,910,473,7992,2727,6239,1523,409,1233,2047,865,2344,3209,1563,1618,477,1047,319,7386,0,0,34,7,25,16,0,0,37,15,11,5,89,59,23,82,19730,The Palace of Auburn Hills,32767,
2007,NBA,GSW,GSW,WC,PC,3,9,,Golden State Warriors,3403,7406,1538,2044,761,2185,1045,2496,3541,1833,1875,744,1063,377,9105,3273,6998,1806,572,1556,2378,1053,2803,3856,1939,1736,567,1325,413,8924,0,0,27,14,21,20,0,0,28,24,10,6,101,48,34,82,19780,Oracle Arena,32767,
2007,NBA,HOU,HOU,WC,SW,3,5,C1,Houston Rockets,3003,6698,1342,1848,583,1707,1002,2659,3661,1757,1609,598,1071,420,7931,2852,6594,1410,433,1186,1912,894,2441,3335,1548,1615,622,1061,379,7547,0,0,31,10,24,17,0,0,33,19,8,8,92,55,27,82,19730,Toyota Center,32767,
2007,NBA,IND,IND,EC,CD,3,9,,Indiana Pacers,3102,6993,1568,2042,755,2021,904,2633,3537,1864,1921,623,1207,412,8527,3093,6817,1850,606,1571,2443,929,2800,3729,1820,1782,663,1233,416,8642,0,0,21,20,15,26,0,0,24,28,5,11,99,36,46,82,19755,Conseco Fieldhouse,32767,
2007,NBA,LAC,LAC,WC,PC,5,12,,Los Angeles Clippers,2820,6445,1702,2178,350,1079,800,2491,3291,1732,1745,557,1128,398,7692,3114,6670,1574,486,1393,2096,916,2657,3573,1834,1773,590,1080,389,8288,0,0,13,28,10,31,0,0,13,39,5,11,94,23,59,82,19805,Staples Center,32767,
2007,NBA,LAL,LAL,WC,PC,1,1,F,Los Angeles Lakers,3248,6818,1746,2270,662,1751,898,2722,3620,2003,1691,654,1118,438,8904,3127,7022,1501,554,1531,1995,988,2521,3509,1793,1850,634,1124,368,8309,0,0,30,11,27,14,0,0,37,15,12,4,97,57,25,82,19780,Staples Center,32767,
2007,NBA,MEM,MEM,WC,SW,5,14,,Memphis Grizzlies,3060,6737,1517,2097,620,1779,848,2567,3415,1574,1592,503,1211,386,8257,3394,7076,1387,591,1625,1791,932,2721,3653,1963,1842,711,1055,403,8766,0,0,14,27,8,33,0,0,11,41,2,14,97,22,60,82,19805,FedExForum,32767,
2007,NBA,MIA,MIA,EC,SE,5,15,,Miami Heat,2808,6336,1384,1903,491,1373,743,2342,3085,1644,1670,589,1151,355,7491,3029,6477,1590,552,1497,2105,916,2617,3533,1817,1650,631,1104,341,8200,0,0,9,32,6,35,0,0,8,44,2,14,92,15,67,82,19830,AmericanAirlines Arena,32767,
2007,NBA,MIL,MIL,EC,CD,5,13,,Milwaukee Bucks,3026,6745,1452,1980,452,1313,1055,2363,3418,1760,1748,544,1172,361,7956,3147,6562,1639,588,1530,2141,872,2464,3336,1913,1727,647,1081,404,8521,0,0,19,22,7,34,0,0,18,34,6,10,93,26,56,82,19855,Bradley Center,32767,
2007,NBA,MIN,MIN,WC,NW,4,13,,Minnesota Timberwolves,3076,6817,1246,1693,441,1259,964,2428,3392,1630,1885,616,1143,306,7839,3056,6481,1742,541,1516,2266,871,2545,3416,1899,1434,610,1064,468,8395,0,0,15,26,7,34,0,0,14,38,3,13,93,22,60,82,19730,Target Center,32767,
2007,NBA,NJN,NJN,EC,AT,4,10,,New Jersey Nets,2856,6450,1647,2237,498,1430,913,2520,3433,1925,1855,521,1178,390,7857,2982,6543,1774,534,1448,2311,896,2517,3413,1810,1836,662,1050,362,8272,0,0,21,20,13,28,0,0,26,26,4,12,93,34,48,82,19830,Izod Center,32767,
2007,NBA,NOH,NOH,WC,SW,1,2,CS,New Orleans Hornets,3164,6796,1312,1707,630,1621,937,2494,3431,1785,1531,637,926,321,8270,3038,6604,1217,544,1552,1579,815,2533,3348,1779,1573,470,1089,331,7837,0,0,30,11,26,15,0,0,34,18,10,6,91,56,26,82,19805,New Orleans Arena,32767,
2007,NBA,NYK,NYK,EC,AT,5,14,,New York Knicks,2967,6757,1524,2095,490,1454,1029,2457,3486,1530,1761,521,1132,213,7948,3184,6711,1535,587,1592,2078,924,2573,3497,1773,1665,621,1012,429,8490,0,0,15,26,8,33,0,0,20,32,5,11,94,23,59,82,19880,Madison Square Garden (IV),32767,
2007,NBA,ORL,ORL,EC,SE,1,3,CS,Orlando Magic,3058,6446,1650,2288,801,2074,768,2677,3445,1706,1688,520,1134,333,8567,3057,6855,1489,516,1441,1975,899,2520,3419,1764,1898,581,1043,344,8119,0,0,25,16,27,14,0,0,38,14,12,4,95,52,30,82,19780,Amway Arena,32767,
2007,NBA,PHI,PHI,EC,AT,3,7,C1,Philadelphia 76ers,3056,6648,1509,2137,302,952,1067,2370,3437,1673,1620,712,1112,400,7923,3000,6504,1332,557,1549,1726,923,2293,3216,1903,1708,550,1226,420,7889,0,0,22,19,18,23,0,0,25,27,7,9,92,40,42,82,19755,Wachovia Center,32767,
2007,NBA,PHO,PHO,WC,PC,2,6,C1,Phoenix Suns,3392,6782,1548,1977,694,1764,720,2683,3403,2188,1633,532,1139,518,9026,3368,7384,1407,469,1329,1879,1101,2498,3599,1607,1731,601,1051,311,8612,0,0,30,11,25,16,0,0,31,21,10,6,98,55,27,82,19780,US Airways Center,32767,
2007,NBA,POR,POR,WC,NW,3,10,,Portland Trail Blazers,2935,6545,1412,1841,538,1425,900,2438,3338,1733,1642,455,995,360,7820,2983,6616,1401,533,1499,1828,957,2465,3422,1714,1656,488,991,301,7900,0,0,28,13,13,28,0,0,26,26,11,5,90,41,41,82,19905,Rose Garden Arena,32767,
2007,NBA,SAC,SAC,WC,PC,4,11,,Sacramento Kings,3043,6558,1812,2272,510,1367,829,2456,3285,1567,1839,651,1258,334,8408,3137,6731,1722,597,1599,2287,970,2465,3435,1878,1892,661,1204,452,8593,0,0,26,15,12,29,0,0,21,31,3,13,97,38,44,82,19830,ARCO Arena (II),32767,
2007,NBA,SAS,SAS,WC,SW,2,3,CF,San Antonio Spurs,2938,6424,1350,1774,594,1610,771,2612,3383,1718,1537,521,981,337,7820,2857,6431,1293,420,1227,1710,776,2527,3303,1490,1625,566,1009,361,7427,0,0,34,7,22,19,0,0,33,19,10,6,90,56,26,82,19730,AT&T Center,32767,
2007,NBA,SEA,SEA,WC,NW,5,15,,Seattle Supersonics,3125,7032,1436,1866,313,939,971,2688,3659,1748,1680,531,1250,400,7999,3288,7136,1534,607,1576,2048,961,2655,3616,1997,1610,706,1033,440,8717,0,0,13,28,7,34,0,0,12,40,6,10,98,20,62,82,19830,KeyArena at Seattle Center,32767,
2007,NBA,TOR,TOR,EC,AT,2,6,C1,Toronto Raptors,3148,6726,1347,1658,572,1459,790,2497,3287,1953,1596,570,918,336,8215,3007,6569,1344,619,1683,1732,830,2583,3413,1797,1508,470,1092,333,7977,0,0,25,16,16,25,0,0,29,23,10,6,92,41,41,82,19830,Air Canada Centre,32767,
2007,NBA,UTA,UTA,WC,NW,1,4,CS,Utah Jazz,3279,6592,1745,2298,407,1095,942,2410,3352,2165,1970,717,1169,355,8710,2896,6286,1848,506,1419,2468,844,2256,3100,1629,1891,619,1262,420,8146,0,0,37,4,17,24,0,0,33,19,10,6,94,54,28,82,19705,EnergySolutions Arena,32767,
2007,NBA,WAS,WAS,EC,SE,2,5,C1,Washington Wizards,2986,6695,1557,1991,575,1614,1007,2404,3411,1607,1606,632,1032,391,8104,3015,6537,1418,683,1768,1880,900,2478,3378,1958,1656,529,1102,360,8131,0,0,25,16,18,23,0,0,29,23,10,6,92,43,39,82,19905,Verizon Center,32767,